{
  "MAE": 0.29930133063688813,
  "RMSE": 0.4716696412184222,
  "SMAPE%": 86.35271079606271,
  "PoissonDeviance": 0.5617363228053628
}