{
  "MAE": 0.29795174154574094,
  "RMSE": 0.46689847408609386,
  "SMAPE%": 86.64244548451474,
  "PoissonDeviance": 0.5521117328178837
}