{
  "MAE": 0.3022351524082941,
  "RMSE": 0.4763516752311083,
  "SMAPE%": 86.4057722951877,
  "PoissonDeviance": 0.5660171837633855
}